faixa_sono,media_passos
Menos de 7 horas,9362.99447513812
7 horas a 9 horas (Ideal),8176.7999999999984
Mais de 9 horas,6226.1282051282033